Rank,No,MaterialName,Family,density,tensile strength,elongation at break,modulus if available,"tear or impact related values if available,",minimum service temperature if available,"form availability: film, fiber, sheet, coating, fabric","first impression: impact layer candidate, cut layer candidate, or hybrid layer candidate",Notes,density_gcc,elongation_pct,strength_mpa,Score
1,141,Styrene/Butadiene/Styrene (SBS),Polymer,0.100 - 1.60 g/cc,0.981 - 180 MPa,190 - 1500 %,,0.981 - 632 kN/m,,,,,0.8500000000000001,845.0,90.4905,0.605915661582375
2,146,"Thermoplastic Polyurethane, Elastomer, Polyester Grade",Polymer,0.992 - 1.44 g/cc,3.45 - 72.1 MPa,10.0 - 1580 %,0.00300 - 0.870 GPa,17.5 - 333 kN/m,,,,,1.216,795.0,37.775,0.5613280425347107
3,132,Very Low Density Polyethylene (VLDPE),Polymer,0.887 - 0.923 g/cc,9.00 - 15.0 MPa,700 - 750 %,,,,,,,0.905,725.0,12.0,0.5564831519408782
4,89,"Polytetrafluoroethylene (PTFE), Carbon Fiber Filled",Polymer,1.98 - 2.65 g/cc,3.00 - 27.6 MPa,3.00 - 2000 %,,10.3421 - 15.8579 MPa,-260 - -20.0 C,,,,2.315,1001.5,15.3,0.5563310527161011
5,14,AGY ZenTron® S-2 Generic S-Glass Fiber,,2.46 g/cc,4445 MPa,0.057,86.9 GPa,,0.737 J/g-C,,,,2.46,0.057,4445.0,0.5457399214774208
6,144,"Thermoset Polyurethane, Elastomer, Unreinforced",Polymer,0.0400 - 1.74 g/cc,0.138 - 79.3 MPa,0.400 - 1300 %,0.00114 - 3.54 GPa,4.30 - 550 kN/m,-60.0 - -3.40 C,,,,0.89,650.2,39.719,0.5346492561206732
7,133,"Linear Low Density Polyethylene (LLDPE), Film Grade",Polymer,0.900 - 1.04 g/cc,7.45 - 62.1 MPa,0.800 - 1300 %,0.0110 - 0.530 GPa,,,,,,0.97,650.4,34.775,0.5291008381803378
8,193,"Thermoset Polyurethane Foam, Unreinforced",Polymer,0.00800 - 1.39 g/cc,0.0207 - 1900 MPa,3.2 - 760 %,0.000138 - 3.45 GPa,0.140 - 10.5 kN/m,,,,,0.699,381.6,950.01035,0.5260424139780798
9,58,"Polycarbonate/ABS Alloy, Unreinforced",Polymer,0.960 - 1.50 g/cc,2.80 - 586 MPa,0.800 - 1230 %,1.67 - 11.1 GPa,40.3 - 61.9 MPa,,,,,1.23,615.4,294.4,0.5198800172977806
10,134,Ethylene Butyl Acrylate,Polymer,0.895 - 1.48 g/cc,0.965 - 31.0 MPa,4.00 - 1210 %,0.0250 - 4.50 GPa,,,,,,1.1875,607.0,15.9825,0.4989886936926526
11,130,"Low Density Polyethylene (LDPE), Extrusion Grade",Polymer,0.915 - 0.960 g/cc,8.96 - 54.0 MPa,164 - 920 %,0.152 - 0.290 GPa,55.0 - 500 g,,,,,0.9375,542.0,31.48,0.4949047548521948
12,131,"Low Density Polyethylene (LDPE), Film Grade",Polymer,0.902 - 1.00 g/cc,7.00 - 34.5 MPa,50.0 - 1000 %,0.140 - 0.480 GPa,20.0 - 373 kN/m,,film,,,0.9510000000000001,525.0,20.75,0.4875568335219573
13,145,"Thermoplastic Polyurethane, Elastomer, Ether Grade",Polymer,1.00 - 1.65 g/cc,1.72 - 90.0 MPa,30.0 - 1040 %,0.0200 - 2.07 GPa,12.4 - 500 kN/m,-50.0 C,,,,1.325,535.0,45.86,0.4682519046030567
14,149,Polyether Ester Elastomer,Polymer,1.05 - 1.48 g/cc,7.00 - 54.0 MPa,50.0 - 980 %,0.0500 - 1.00 GPa,,,,,,1.2650000000000001,515.0,30.5,0.4643763154795289
15,13,"A-Glass Fiber, Generic","nylon based films or fibers,",2.44 g/cc,3310 MPa,0.048,68.9 GPa,,0.796 J/g-C,,,,2.44,0.048,3310.0,0.46192231178979865
16,125,Polyester Film,Polymer,1.00 - 1.51 g/cc,23.0 - 200 MPa,130 - 830 %,3.10 - 4.36 GPa,9.00 - 140 kN/m,-73.3 - -40.0 C,film,,,1.255,480.0,111.5,0.45945763081463364
17,30,"C-Glass Fiber, Generic",,2.52 - 2.56 g/cc,3310 MPa,0.048,68.9 GPa,27.0 GPa,,"fiber,",,,2.54,0.048,3310.0,0.4553670839956328
18,140,"Polypropylene, Film Grade",Polymer,0.886 - 1.46 g/cc,18.8 - 152 MPa,8.00 - 900 %,0.600 - 7.51 GPa,,,,,,1.173,454.0,85.4,0.4542216705015614
19,168,"Styrene Acrylonitrile (SAN), Molded",Polymer,0.901 - 1.36 g/cc,25.8 - 85.5 MPa,1.50 - 900 %,2.90 - 3.80 GPa,,,,,,1.1305,450.75,55.65,0.4536946585300672
20,147,"Silicone Polyurethane, Ether Based",Polymer,0.978 - 1.11 g/cc,12.0 - 60.0 MPa,25.0 - 823 %,0.00800 - 0.750 GPa,20.2 - 175 kN/m,,,,,1.044,424.0,36.0,0.4489878103341256
21,32,Ionomer,Polymer,0.930 - 0.982 g/cc,24.0 - 41.0 MPa,300 - 500 %,,,,Flim,,,0.956,400.0,32.5,0.446505848512251
22,150,Styrenic TPE,Polymer,0.930 - 1.68 g/cc,0.345 - 80.0 MPa,3.8 - 900 %,0.0180 - 0.0680 GPa,20.0 - 29.4 kN/m,,,,,1.305,451.9,40.1725,0.44147772575301886
23,1,Polycarbonate/Thermoplastic Polyurethane Blend,thermoplastic polyurethane,0.0415 - 0.0426 lb/in3,5300 - 8000 psi,370 - 470 %,0.620 - 380 ksi,,,,,,1.163939795,420.0,45.850153999999996,0.4405329074570748
24,20,Graft Polymer GRAFTALEN MP-UHHD 00850 Melt Processable Ultra-High-Molecular-Weight-Polyethylene based on High Density Polyethylene,,0.945 g/cc,27.1 - 32.9 MPa,335 - 401 %,,,,,,,0.945,368.0,30.0,0.43638867512133994
25,161,Polypropylene Copolymer,Polymer,0.780 - 2.77 g/cc,5.00 - 128 MPa,1.30 - 1000 %,0.0340 - 9.50 GPa,,,,,,1.775,500.65,66.5,0.42886848029881525
26,179,"Polypropylene, Extrusion Grade",Polymer,0.886 - 2.00 g/cc,5.78 - 460 MPa,3.0 - 750 %,0.680 - 3.60 GPa,,-30.0 - 2.00 C,,,,1.443,376.5,232.89,0.42178961330770276
27,185,Polypropylene with 10% Talc Filler,Polymer,0.860 - 1.38 g/cc,2.50 - 105 MPa,4.0 - 700 %,1.00 - 5.10 GPa,,,,,,1.1199999999999999,352.0,53.75,0.42137291678877764
28,87,Epoxy/Carbon Fiber Composite,Polymer,1.15 - 2.25 g/cc,0.917 - 4140 MPa,0.430 - 11.0 %,2.62 - 520 GPa,6.89 - 590 MPa,-59.0 - 10.0 C,fiber,,,1.7,5.715,2070.4585,0.41935084520321464
29,182,"Polypropylene, Sheet/Thermoforming Grade",Polymer,0.900 - 1.13 g/cc,17.9 - 35.9 MPa,7.0 - 640 %,0.280 - 2.05 Gpa,,,,,,1.015,323.5,26.9,0.416756318823428
30,186,Polypropylene with 10% Calcium Carbonate (CaCO3) Filler,Polymer,0.900 - 1.09 g/cc,11.0 - 32.1 MPa,2.0 - 545 %,0.900 - 2.07 GPa,,,,,,0.9950000000000001,273.5,21.55,0.4010243190926542
31,143,"Thermoset Polyurethane, Adhesive",Polymer,0.770 - 3.20 g/cc,0.0392 - 39.3 MPa,9.00 - 874 %,0.0000345 - 1.93 GPa,6.14 - 132 kN/m,-90.0 - -30.0 C,,,,1.985,441.5,19.6696,0.39190295456186974
32,148,"Silicone Elastomer, for Thermal Management",Polymer,1.10 - 3.18 g/cc,0.248 - 97.0 MPa,0.200 - 925 %,,3.40 - 231 kN/m,-73.3 - -40.0 C,,,,2.14,462.6,48.624,0.39093678461070397
33,63,ABS/Polyurethane Alloy,Polymer,0.970 - 1.20 g/cc,16.0 - 67.0 MPa,180 - 320 %,0.0827 - 0.745 GPa,,,gloss,,,1.085,250.0,41.5,0.3887992333493815
34,160,"Polypropylene, Mineral Reinforced",Polymer,0.905 - 3.15 g/cc,6.00 - 75.0 MPa,0.500 - 870 %,0.950 - 8.50 GPa,,,,,,2.0275,435.25,40.5,0.38859905083462626
35,194,"Thermoplastic Polyurethane (TPUR), Glass Fiber Reinforced",Polymer,1.22 - 1.91 g/cc,14.5 - 1000 MPa,1.0 - 430 %,0.345 - 45.0 GPa,,-30.0 C,,,,1.565,215.5,507.25,0.3807828240525432
36,90,"Polyetheretherketone, Carbon Fiber Filled",Polymer,1.32 - 1.90 g/cc,0.265 - 2900 MPa,0.300 - 7.00 %,1.00 - 172 GPa,50.0 - 186 MPa,-80.0 - -20.0 C,fiber,,,1.6099999999999999,3.65,1450.1325,0.37803843363365236
37,88,Ethylene Vinyl Alcohol (EVOH),Polymer,1.12 - 1.24 g/cc,37.0 - 74.0 MPa,130 - 330 %,1.08 - 3.10 GPa,500 - 1300,,,,,1.1800000000000002,230.0,55.5,0.37696505821052884
38,33,Nylon 6,Polymer,1.04 - 1.38 g/cc,28.0 - 80.0 MPa,4.50 - 460 %,0.100 - 4.00 GPa,23.0 - 14000,,Flim,,,1.21,232.25,54.0,0.3756348696484926
39,81,"Epoxy, Molded, Glass Fiber Filler",Polymer,1.11 - 2.20 g/cc,50.0 - 2850 MPa,0.600 - 2.04 %,6.00 - 89.6 GPa,20.0 - 74.0 MPa,,fiber,,,1.6550000000000002,1.32,1450.0,0.3743031360336784
40,159,"Polypropylene, Carbon Fiber Filled",Polymer,0.872 - 1.68 g/cc,19.3 - 165 MPa,0.400 - 436 %,1.03 - 27.6 GPa,,,fiber,,,1.276,218.2,92.15,0.36949334787665195
41,100,"Nylon 6, Film Grade",Polymer,1.04 - 1.38 g/cc,48.0 - 112 MPa,3.50 - 400 %,0.100 - 4.00 GPa,23.0 - 14000,-60.0 C,film,,,1.21,201.75,80.0,0.3674333915313735
42,77,Methacrylate Adhesive,Polymer,0.500 - 1.50 g/cc,0.0276 - 40.0 MPa,5.00 - 300 %,0.0689 - 1.90 GPa,1.75 - 11.4 kN/m,,,,,1.0,152.5,20.0138,0.3603082047346759
43,78,Cyanoacrylate Adhesive,Polymer,0.126 - 2.10 g/cc,2.48 - 55.2 MPa,2.00 - 340 %,0.0111 - 2.76 GPa,0.175 - 12.0 kN/m,,,,,1.113,171.0,28.84,0.3597202305640983
44,163,Polypropylene w/ 50% Calcium Carbonate,Polymer,1.24 - 1.95 g/cc,15.5 - 26.0 MPa,50.0 - 469 %,,,,,,,1.595,259.5,20.75,0.3569732500522848
45,192,Styrene/Methyl Methacrylate Copolymer (SMMA),Polymer,0.910 - 1.13 g/cc,21.0 - 65.5 MPa,2.0 - 280 %,0.820 - 3.45 GPa,,,,,,1.02,141.0,43.25,0.3569122754806127
46,124,PETG Copolyester,Polymer,1.18 - 1.37 g/cc,20.0 - 100 MPa,3.20 - 360 %,1.10 - 20.3 GPa,,,fiber,,,1.275,181.6,60.0,0.3549658395915778
47,127,Polyetherimide (PEI),Polymer,0.0500 - 1.90 g/cc,1.00 - 650 MPa,0.500 - 110 %,0.00280 - 56.0 GPa,37.0 - 147 kN/m,-50.0 - 0.000 C,,,,0.975,55.25,325.5,0.35249036845855075
48,165,"Polystyrene, Impact Modified",Polymer,0.650 - 2.12 g/cc,12.4 - 240 MPa,1.30 - 350 %,0.155 - 3.47 GPa,,,,,,1.385,175.65,126.2,0.35073975422763604
49,105,"Nylon 6, Carbon Fiber Filled",Polymer,1.11 - 1.90 g/cc,1.00 - 1910 MPa,1.00 - 20.0 %,3.50 - 135 GPa,,-60.0 C,fiber,,,1.505,10.5,955.5,0.35010362333880335
50,164,"Polystyrene, Extrusion Grade",Polymer,0.0300 - 1.20 g/cc,0.100 - 53.0 MPa,1.00 - 70.0 %,0.00300 - 3.40 GPa,,-60.0 C,,,,0.615,35.5,26.55,0.3470942568404549
51,65,"Acetal Copolymer, Impact Modified",Polymer,1.07 - 1.41 g/cc,26.0 - 56.0 MPa,10.0 - 300 %,0.772 - 2.45 GPa,,,,,,1.24,155.0,41.0,0.34698172483599593
52,55,"Acrylonitrile Butadiene Styrene (ABS), Sheet",Polymer,0.775 - 1.28 g/cc,15.9 - 42.0 MPa,7.80 - 190 %,1.83 - 5.33 GPa,36.7 - 40.1 MPa,,sheet,,,1.0275,98.9,28.95,0.34133573606863904
53,56,Acrylonitrile Butadiene Styrene (ABS)/Nylon Blend,Polymer,1.04 - 1.21 g/cc,4.00 - 63.8 MPa,3.10 - 230 %,0.900 - 5.30 GPa,,,,,,1.125,116.55,33.9,0.3411901944860401
54,34,Nylon 66,Polymer,1.09 - 1.15 g/cc,78.0 - 83.0 MPa,40.0 - 170 %,,51.0 - 2040 g,,Flim,,,1.12,105.0,80.5,0.3411687289686525
55,101,"Nylon 6, Nucleated",Polymer,1.10 - 1.41 g/cc,40.0 - 100 Mpa,3.00 - 240 %,0.400 - 5.70 GPa,32.0 - 286,,,,,1.255,121.5,70.0,0.3370234567627218
56,64,"Acetal Copolymer, Unreinforced",Polymer,0.950 - 1.71 g/cc,21.0 - 75.8 MPa,1.50 - 250 %,0.586 - 11.7 GPa,40.0 - 55.2 MPa,,,,,1.33,125.75,48.4,0.3319015756972912
57,39,"Acrylonitrile Butadiene Styrene (ABS), Extruded",Polymer,1.01 - 1.20 g/cc,22.1 - 74.0 MPa,3.00 - 150 %,1.00 - 2.65 GPa,,,,,,1.105,76.5,48.05,0.3302324227335283
58,19,CENTROPLAST CENTROLEN PE-UHMW Ultra-high molecular weight polyethylene,,0.940 g/cc,20.0 MPa,>= 50 %,0.800 GPa,,-200 C,,,,0.94,50.0,20.0,0.33012463243436857
59,57,"Acrylonitrile Butadiene Styrene (ABS)/Nylon Blend, Glass Reinforced",Polymer,1.06 - 1.53 g/cc,31.0 - 130 MPa,2.00 - 200 %,1.20 - 8.10 GPa,,,,,,1.295,101.0,80.5,0.32836573695447063
60,118,Polycarbonate/PET Polyester Blend,Polymer,1.12 - 1.47 g/cc,36.0 - 108 MPa,2.10 - 200 %,1.16 - 7.65 GPa,,-40.0 C,fiber,,,1.295,101.05,72.0,0.32774487380598727
61,69,"Acrylic, General Purpose, Molded",Polymer,0.700 - 1.30 g/cc,19.3 - 85.0 MPa,1.00 - 85.0 %,0.950 - 3.79 GPa,,,Acrylic,,,1.0,43.0,52.15,0.32627291354001603
62,116,"Polycarbonate, Carbon Fiber Reinforced",Polymer,1.21 - 1.75 g/cc,56.0 - 450 MPa,65.0 - 115 MPa,2.14 - 48.0 GPa,,-40.0 C,fiber,,,1.48,90.0,253.0,0.3255149715220889
63,138,"Polyphthalamide (PPA), Carbon Fiber",Polymer,1.20 - 1.65 g/cc,135 - 1040 MPa,0.500 - 4.00 %,10.0 - 102 GPa,,,,,,1.4249999999999998,2.25,587.5,0.32500169596279554
64,181,Polypropylene with Carbon Black Filler,Polymer,0.947 - 1.43 g/cc,16.5 - 58.6 MPa,2.0 - 150 %,0.483 - 5.52 Gpa,,,,,,1.1885,76.0,37.55,0.32380488350042863
65,119,Polydicyclopentadiene (PDCPD),Polymer,0.980 - 1.20 g/cc,35.0 - 76.0 MPa,11.0 - 75.0 %,1.40 - 2.57 GPa,49.5 - 76.0 MPa,,,,,1.0899999999999999,43.0,55.5,0.32062446047246934
66,142,Styrenic Elastomer (TES),Polymer,0.400 - 11.0 g/cc,0.138 - 80.0 MPa,3.50 - 1900 %,0.00105 - 54.0 GPa,2.94 - 113 kN/m,-60.0 - -30.0 C,,,,5.7,951.75,40.069,0.319735698061684
67,155,Polyphenylene Ether + Styrene-Butadiene Blend,Polymer,1.06 - 1.10 g/cc,50.0 - 80.0 MPa,20.0 - 50.0 %,2.20 - 2.80 GPa,,,,,,1.08,35.0,65.0,0.3193298020250205
68,137,"Polyphthalamide (PPA), High Impact",polymer,1.11 - 1.15 g/cc,55.0 - 83.4 MPa,7.00 - 80.0 %,1.90 - 2.76 GPa,,,,,,1.13,43.5,69.2,0.3191962952397887
69,70,"Acrylic, Extruded",Polymer,0.942 - 1.19 g/cc,29.0 - 93.1 MPa,2.00 - 59.0 %,0.0420 - 3.80 GPa,,,Acrylic,,,1.0659999999999998,30.5,61.05,0.3184535203240579
70,38,"Acrylonitrile Butadiene Styrene (ABS), Transparent, Molded",Polymer,1.04 - 1.16 g/cc,30.0 - 57.0 MPa,10.0 - 70.0 %,1.35 - 2.35 GPa,,,,,,1.1,40.0,43.5,0.318070423187205
71,59,"Polycarbonate/ABS Alloy, Glass Fiber Filled",Polymer,0.962 - 1.48 g/cc,27.0 - 131 MPa,0.600 - 109 %,2.41 - 13.0 GPa,,,,,,1.221,54.8,79.0,0.31772708867604826
72,183,"Polypropylene, Stainless Fiber, EMI",Polymer,0.930 - 1.30 g/cc,15.0 - 70.0 MPa,2.5 - 76 %,0.621 - 4.10 GPa,,,,,,1.115,39.25,42.5,0.31676251155412716
73,80,"Cellulose Acetate Propionate, Molded",Polymer,1.17 - 1.21 g/cc,8.00 - 8.00 MPa,34.0 - 86.0 %,0.927 - 1.85 GPa,,,,,,1.19,60.0,8.0,0.316164914409879
74,22,Vapla Vaplatec 1000 Ultra High Molecular Weight Polyethylene,,0.930 g/cc,22.0 MPa,2.9,0.915 GPa,,,,,,0.93,2.9,22.0,0.3152535881428327
75,187,"Polystyrene, Transparent Grade",Polymer,1.03 - 1.06 g/cc,35.0 - 59.0 MPa,1.0 - 35 %,2.59 - 4.71 GPa,,,,,,1.045,18.0,47.0,0.31461591194923305
76,75,Acrylic/Polycarbonate Alloy,Polymer,1.12 - 1.29 g/cc,40.3 - 61.0 MPa,8.00 - 88.0 %,1.72 - 2.60 GPa,,,,,,1.205,48.0,50.65,0.3143863749080838
77,73,"Acrylic, Gamma Radiation Resistant, Molded",Polymer,1.08 - 1.17 g/cc,36.3 - 50.3 MPa,5.00 - 50.0 %,1.38 - 2.96 GPa,,,,,,1.125,27.5,43.3,0.3122561680774388
78,99,"Nylon 6, Impact Grade",Polymer,1.00 - 4.00 g/cc,12.0 - 470 MPa,1.50 - 500 %,0.145 - 3.30 GPa,,-100 - -40.0 C,,,,2.5,250.75,241.0,0.3112550029049069
79,111,Nylon 11 + Carbon Fiber,Polymer,1.00 - 1.26 g/cc,41.0 - 200 MPa,1.00 - 11.0 %,1.45 - 22.8 GPa,,,fiber,,,1.13,6.0,120.5,0.3105624809232233
80,36,"Acrylonitrile Butadiene Styrene (ABS), Heat Resistant, Molded",polymer,0.890 - 1.50 g/cc,19.6 - 63.0 MPa,2.50 - 70.0 %,1.70 - 2.70 GPa,,,,,,1.195,36.25,41.3,0.3104298210904954
81,72,"Acrylic, Optical Grade, Molded",Polymer,1.11 - 1.19 g/cc,38.0 - 89.3 MPa,2.00 - 40.0 %,1.76 - 3.65 GPa,,,Acrylic,,,1.15,21.0,63.65,0.30998018997404014
82,198,"PVC, High Impact",Polymer,1.20 - 1.52 g/cc,30.0 - 44.9 MPa,26 - 110 %,2.03 - 3.30 GPa,,,,,,1.3599999999999999,68.0,37.45,0.3098924810265255
83,167,"Polystyrene + Polyphenylene Ether, Unreinforced",Polymer,0.880 - 2.07 g/cc,34.0 - 165 MPa,0.700 - 150 %,1.50 - 16.3 GPa,,,,,,1.4749999999999999,75.35,99.5,0.30945409858052136
84,71,"Acrylic, UV Stabilized, Molded",Polymer,1.15 - 1.20 g/cc,32.4 - 80.0 MPa,2.00 - 50.0 %,1.79 - 3.45 GPa,,,Acrylic,,,1.1749999999999998,26.0,56.2,0.3094468079131421
85,169,"Styrene Acrylonitrile (SAN), Transparent",Polymer,1.07 - 1.08 g/cc,62.0 - 75.8 MPa,2.00 - 3.50 %,3.17 - 3.80 GPa,,,,,,1.0750000000000002,2.75,68.9,0.30921610972558883
86,180,Polypropylene with Glass Fiber + Bead Filler,Polymer,0.960 - 1.23 g/cc,34.5 - 92.0 MPa,2.5 - 6.0 %,2.80 - 7.00 GPa,,,,,,1.095,4.25,63.25,0.30798056464806456
87,41,"Acrylonitrile Butadiene Styrene (ABS), Unreinforced, Flame Retardant",Polymer,1.04 - 1.43 g/cc,21.6 - 52.0 MPa,2.00 - 56.0 %,1.27 - 4.48 GPa,,,,,,1.2349999999999999,29.0,36.8,0.30505716749109896
88,48,"Acrylonitrile Butadiene Styrene (ABS), 10% Carbon Fiber Filled",Polymer,1.07 - 1.26 g/cc,48.3 - 103 MPa,0.700 - 10.0 %,3.45 - 11.7 GPa,,,,,,1.165,5.35,75.65,0.3046880318276621
89,128,Polyethersulfone (PES),Polymer,1.21 - 1.85 g/cc,56.5 - 325 MPa,0.450 - 100 %,2.00 - 36.6 GPa,,,,,,1.53,50.225,190.75,0.30433002576280627
90,49,"Acrylonitrile Butadiene Styrene (ABS), 20% Carbon Fiber Filled",Polymer,1.10 - 1.30 g/cc,75.0 - 150 MPa,1.00 - 2.00 %,10.0 - 13.8 GPa,,,,,,1.2000000000000002,1.5,112.5,0.3038760555210805
91,74,"Acrylic, Optical Sheet",Polymer,1.15 - 1.19 g/cc,54.0 - 83.0 MPa,4.00 - 5.80 %,1.52 - 3.38 GPa,,,,,,1.17,4.9,68.5,0.30367424015236494
92,51,"Acrylonitrile Butadiene Styrene (ABS), PTFE Filled",Polymer,1.05 - 1.32 g/cc,34.5 - 44.8 MPa,2.00 - 25.0 %,,,,,,,1.185,13.5,39.65,0.3033895774689896
93,190,"Polystyrene + Polyphenylene Ether, Glass + Mineral Filler",Polymer,1.13 - 1.43 g/cc,50.0 - 120 MPa,1.0 - 40 %,,,,,,,1.2799999999999998,20.5,85.0,0.30289323832960924
94,6,BASF Elastollan® 1185 A W TPUR,polyurethane elastomers,1.16 g/cc,40.0 MPa,7,,50.0 kN/m,,,,,1.16,7.0,40.0,0.30289120163758376
95,110,"Nylon 66, Mineral Filled, NCG Fiber Filled",Polymer,1.14 - 1.38 g/cc,68.9 - 207 MPa,0.500 - 5.00 %,5.17 - 13.1 GPa,,,fiber,,,1.2599999999999998,2.75,137.95,0.3022677284420056
96,191,"Styrene-Butadiene Copolymer, SBC",Polymer,0.848 - 7.98 g/cc,1.61 - 27.6 MPa,2.5 - 1300 %,0.0689 - 2.90 GPa,6.30 - 104 kN/m,,,,,4.414000000000001,651.25,14.605,0.30210894169242086
97,107,"Nylon 66, Aramid Fiber Filled",Polymer,1.14 - 1.32 g/cc,48.3 - 138 MPa,1.60 - 10.0 %,2.41 - 11.0 GPa,,,fiber,,,1.23,5.8,93.15,0.3018894200630271
98,8,BASF Elastollan® S 50 A SPF TPUR,,1.20 g/cc,35.0 MPa,9,,40.0 kN/m,175 - 220 C,,,,1.2,9.0,35.0,0.3005597793008407
99,157,"Polyphthalamide (PPA), Aramid Fiber",Polymer,1.21 - 1.38 g/cc,51.7 - 241 MPa,1.00 - 3.50 %,3.50 - 24.1 GPa,,,,,,1.295,2.25,146.35,0.30043698567478644
100,184,"Polypropylene, Wood Filled",Polymer,0.938 - 1.45 g/cc,20.0 - 66.0 MPa,1.2 - 10 %,1.72 - 6.20 GPa,,,,,,1.194,5.6,43.0,0.30042145575029383
101,189,"Polystyrene + Polyphenylene Ether, Glass Filler",Polymer,1.14 - 1.45 g/cc,60.0 - 148 MPa,1.0 - 20 %,3.80 - 10.6 GPa,,,,,,1.295,10.5,104.0,0.3000066067683409
102,103,"Nylon 6, 20% Mineral Filled",Polymer,1.05 - 1.66 g/cc,33.0 - 140 MPa,0.900 - 50.0 %,1.10 - 6.25 GPa,,,,,,1.355,25.45,86.5,0.29973685578167625
103,42,"Acrylonitrile Butadiene Styrene (ABS), Glass Fiber Filled, Flame Retardant",Polymer,1.13 - 1.48 g/cc,35.0 - 85.0 MPa,1.50 - 40.0 %,3.10 - 9.65 GPa,,,,,,1.305,20.75,60.0,0.2994626258106046
104,43,"Acrylonitrile Butadiene Styrene (ABS), 10% Glass Fiber Filled",Polymer,1.06 - 1.40 g/cc,28.0 - 88.3 MPa,2.00 - 10.0 %,2.50 - 5.88 GPa,,,,,,1.23,6.0,58.15,0.29933096688783906
105,50,"Acrylonitrile Butadiene Styrene (ABS), 30% Carbon Fiber Filled",Polymer,1.15 - 1.38 g/cc,88.3 - 124 MPa,1.00 - 3.00 %,17.2 - 19.3 GPa,,,,,,1.265,2.0,106.15,0.2993053216857056
106,66,"Acetal Copolymer, Silicone Filled",Polymer,1.29 - 1.62 g/cc,41.4 - 110 MPa,2.50 - 90.0 %,2.25 - 2.90 GPa,,,silicone,,,1.455,46.25,75.7,0.29929460725679824
107,47,"Acrylonitrile Butadiene Styrene (ABS), Glass Bead Filled",Polymer,1.06 - 1.38 g/cc,27.6 - 41.4 MPa,1.70 - 15.0 %,2.21 - 3.45 GPa,,,,,,1.22,8.35,34.5,0.29899489015304165
108,76,"Acrylic/Polycarbonate Alloy, Carbon Fiber Filler",Polymer,1.21 - 1.36 g/cc,93.1 - 145 MPa,1.20 - 2.30 %,7.65 - 24.1 GPa,,,fiber,,,1.2850000000000001,1.75,119.05,0.29887857466415607
109,60,"Polycarbonate/ABS Alloy, Carbon Fiber Filled",Polymer,1.17 - 1.40 g/cc,67.6 - 165 MPa,0.500 - 4.00 %,4.61 - 16.5 GPa,,,,,,1.285,2.25,116.3,0.2988387409875051
110,117,"Polycarbonate, Aramid Fiber Reinforced",Polymer,1.21 - 1.32 g/cc,58.6 - 72.4 MPa,4.00 - 12.0 %,2.41 - 3.65 GPa,,,fiber,,,1.2650000000000001,8.0,65.5,0.29825356311929746
111,92,"Polyaryletherketone (PAEK), Carbon Fiber Filled",Polymer,1.33 - 1.51 g/cc,95.0 - 262 MPa,0.800 - 25.0 %,2.96 - 55.8 GPa,,,fiber,,,1.42,12.9,178.5,0.2981989213537291
112,135,"Polyphenylene Ether, Mineral Filled",Polymer,1.09 - 1.62 g/cc,50.0 - 74.1 MPa,2.00 - 50.0 %,2.90 - 5.20 GPa,,,,,,1.355,26.0,62.05,0.2980861512839824
113,2,"Thermoplastic Polyurethane, Elastomer, Glass Filled",thermoplastic polyurethane,0.0462 - 0.0600 lb/in3,4060 - 13900 psi,10.0 - 86.0 %,90.0 - 797 ksi,,,,,,1.4698026899999999,48.0,61.9149448,0.29787283278130494
114,162,Polypropylene with 40% Mica Filler,Polymer,1.17 - 1.27 g/cc,14.0 - 40.2 MPa,3.00 - 10.0 %,2.50 - 4.83 GPa,,,,,,1.22,6.5,27.1,0.2978241395411022
115,68,"Acetal Copolymer, Aramid Fiber Filled",Polymer,1.01 - 1.52 g/cc,45.0 - 82.7 MPa,2.00 - 12.0 %,2.70 - 4.83 GPa,,,,,,1.2650000000000001,7.0,63.85,0.29779697631662955
116,102,"Nylon 6, PTFE Filled",Polymer,1.16 - 1.49 g/cc,18.0 - 150 MPa,2.00 - 25.0 %,2.40 - 9.10 GPa,,,,,,1.325,13.5,84.0,0.29753853433579475
117,108,"Nylon 66, Carbon Fiber/PTFE Filled",Polymer,1.17 - 1.54 g/cc,75.8 - 241 MPa,0.900 - 4.00 %,3.45 - 32.4 GPa,,,fiber,,,1.355,2.45,158.4,0.29747417317112324
118,44,"Acrylonitrile Butadiene Styrene (ABS), 20% Glass Fiber Filled",Polymer,1.10 - 1.45 g/cc,35.0 - 108 MPa,1.00 - 11.0 %,3.50 - 12.2 GPa,,,,,,1.275,6.0,71.5,0.29738237214021207
119,188,Syndiotactic Polystyrene (SPS) with Glass or Carbon Fiber,Polymer,1.08 - 1.54 g/cc,65.5 - 175 MPa,0.60 - 3.0 %,4.14 - 24.1 GPa,,,,,,1.31,1.8,120.25,0.2973464102052999
120,104,"Nylon 6, Mineral Reinforced, Impact Grade",Polymer,1.17 - 1.55 g/cc,30.0 - 100 MPa,2.00 - 45.0 %,1.40 - 5.17 GPa,,,,,,1.3599999999999999,23.5,65.0,0.29714755199998016
121,61,"Polycarbonate/ABS Alloy, NCG Fiber Filled",Polymer,1.18 - 1.45 g/cc,62.1 - 153 MPa,0.500 - 5.00 %,4.48 - 17.9 GPa,,,,,,1.315,2.75,107.55,0.2963823354850774
122,98,"Nylon 6, Unreinforced",Polymer,0.670 - 4.50 g/cc,10.0 - 225 MPa,0.400 - 500 %,0.210 - 17.0 GPa,55.2 - 75.0 MPa,-60.0 - -10.0 C,fiber,,,2.585,250.2,117.5,0.2962374277809557
123,52,"Acrylonitrile Butadiene Styrene (ABS), Stainless Steel Fiber Filled",Polymer,1.00 - 1.51 g/cc,27.6 - 45.0 MPa,1.00 - 10.0 %,2.28 - 3.10 GPa,,,,,,1.255,5.5,36.3,0.2958869793170877
124,129,"Polyethersulfone, Carbon Fiber Reinforced",Polymer,1.36 - 1.57 g/cc,103 - 325 MPa,1.00 - 12.0 %,2.40 - 36.6 GPa,,,,,,1.465,6.5,214.0,0.2957814400818628
125,54,"Acrylonitrile Butadiene Styrene (ABS), NCG Fiber Filled",Polymer,1.07 - 1.51 g/cc,44.8 - 121 MPa,1.00 - 2.00 %,5.17 - 17.9 GPa,,,,,,1.29,1.5,82.9,0.29575633330119794
126,109,"Nylon 66, Mineral Filled, Impact Grade",Polymer,1.22 - 1.48 g/cc,49.6 - 124 MPa,2.50 - 18.0 %,3.25 - 7.24 GPa,,,film,,,1.35,10.25,86.8,0.2950280125230727
127,139,"Polyphthalamide (PPA), Carbon Fiber + PTFE Filled",Polymer,1.27 - 1.58 g/cc,100 - 276 MPa,1.00 - 3.00 %,10.0 - 29.3 GPa,,,,,,1.425,2.0,188.0,0.29495575479072145
128,136,Polyphenylene Sulfide (PPS) with Carbon Fiber + PTFE Filler,Polymer,1.08 - 1.62 g/cc,53.0 - 180 MPa,0.000 - 2.00 %,4.60 - 34.5 GPa,,,,,,1.35,1.0,116.5,0.2941767982330508
129,62,"Polycarbonate/ABS Alloy, Antistat/Conductive",Polymer,1.14 - 1.53 g/cc,37.9 - 124 MPa,1.00 - 10.0 %,1.72 - 12.4 GPa,,,,,,1.335,5.5,80.95,0.29399157303476864
130,46,"Acrylonitrile Butadiene Styrene (ABS), 30% Glass Fiber Filled",Polymer,1.17 - 1.50 g/cc,39.0 - 120 MPa,1.00 - 6.00 %,12.8 - 185 MPa,,,,,,1.335,3.5,79.5,0.2932171505047538
131,7,BASF Elastollan® 1154 D FHF TPUR Flame Retardant Halogen Free,,1.27 g/cc,20.0 MPa,4,,110 kN/m,160 - 220 C,,,,1.27,4.0,20.0,0.29318193190811753
132,9,BASF Elastollan® R 1001 10% Glass Filled TPUR,,1.27 g/cc,30.0 MPa,0.65,,,225 - 245 C,,,,1.27,0.65,30.0,0.29281693764460964
133,91,"Polyetheretherketone, PEEK, Aramid Fiber Filled",Polymer,1.31 - 1.50 g/cc,75.0 - 193 MPa,1.00 - 6.00 %,4.00 - 20.7 GPa,,,,,,1.405,3.5,134.0,0.2927160227272082
134,45,"Acrylonitrile Butadiene Styrene (ABS), 40% Glass Fiber Filled",Polymer,1.32 - 1.38 g/cc,64.0 - 101 MPa,1.00 - 4.00 %,5.30 - 11.0 GPa,,,,,,1.35,2.5,82.5,0.29212603223579453
135,122,"Polybutylene Terephthalate (PBT), Carbon Fiber Filled",Polymer,1.30 - 1.57 g/cc,82.7 - 220 MPa,0.500 - 6.00 %,6.21 - 40.0 GPa,,,fiber,,,1.435,3.25,151.35,0.29196750551282463
136,115,"Polycarbonate, Glass Fiber & Bead Filled",Polymer,1.26 - 1.42 g/cc,53.4 - 86.0 MPa,1.00 - 3.00 %,3.80 - 5.20 GPa,,,,,,1.3399999999999999,2.0,69.7,0.29165512965335455
137,67,"Acetal Copolymer, Carbon Fiber Filled",Polymer,1.40 - 1.58 g/cc,65.0 - 217 MPa,0.600 - 25.0 %,2.40 - 23.4 GPa,,,fiber,,,1.49,12.8,141.0,0.2907644565164093
138,123,"Polybutylene Terephthalate (PBT), Aramid Fiber Filled",Polymer,1.32 - 1.46 g/cc,58.6 - 103 MPa,3.00 - 8.00 %,3.45 - 5.86 GPa,,,fiber,,,1.3900000000000001,5.5,80.8,0.29037494766078925
139,10,BASF Elastollan® R 2005/1 20% Glass Filled TPUR,,1.35 g/cc,65.0 MPa,0.2,1.90 GPa,,225 - 245 C,,,,1.35,0.2,65.0,0.2900479996235655
140,97,"Nylon 46, Glass Fiber Reinforced",Polymer,1.17 - 1.87 g/cc,60.0 - 280 MPa,1.30 - 15.0 %,1.00 - 25.5 GPa,,,fiber,,,1.52,8.15,170.0,0.2894252183618099
141,121,"Polybutylene Terephthalate (PBT), Glass Fiber Filled, Flame Retardant",Polymer,1.27 - 1.76 g/cc,15.0 - 154 Mpa,0.900 - 50.0 %,0.765 - 21.2 GPa,,,fiber,,,1.5150000000000001,25.45,84.5,0.28909849014850186
142,120,"Polybutylene Terephthalate (PBT), Glass Fiber Filled, Flame Retardant",Polymer,1.27 - 1.76 g/cc,15.0 - 154 MPa,0.900 - 50.0 %,0.765 - 21.2 GPa,,,,,,1.5150000000000001,25.45,84.5,0.28909849014850186
143,177,"Polyphenylene Sulfide (PPS), Aramid Fiber",Polymer,1.25 - 1.56 g/cc,45.0 - 134 MPa,1.0 - 4.0 %,3.80 - 22.8 GPa,,,,,,1.405,2.5,89.5,0.28904566101778484
144,84,"Epoxy, High Temperature",Polymer,0.990 - 2.26 g/cc,13.8 - 345 MPa,1.00 - 50.0 %,1.68 - 5.40 GPa,4.83 - 46.9 MPa,,,,,1.625,25.5,179.4,0.28902193652815183
145,172,"Polyphenylene Sulfide (PPS) Alloy, Glass Reinforced, Flow Enhanced",Polymer,1.29 - 1.70 g/cc,112 - 195 MPa,1.4 - 5.0 %,9.30 - 22.0 GPa,,,,,,1.495,3.2,153.5,0.2881789782938424
146,176,"Polyphthalamide (PPA), 10% Glass Fiber Reinforced",Polymer,1.26 - 1.61 g/cc,89.6 - 120 MPa,1.0 - 3.0 %,5.52 - 9.17 Gpa,,,,,,1.435,2.0,104.8,0.28806018365093006
147,170,"umitomo Bakelite Durez® 31735 Phenolic, Compression Grade",Polymer,1.43 g/cc,55.0 MPa,1.29 - 1.43 g/cc,2.60 - 6.21 Gpa,,-50.0 - -20.0 C,,,,1.43,1.3599999999999999,55.0,0.2844399011542614
148,197,"Polyester Thermoplastic Elastomer, Glass Filled",Polymer,1.02 - 2.00 g/cc,12.4 - 150 MPa,1.8 - 18 %,0.414 - 7.66 GPa,,,,,,1.51,9.9,81.2,0.28400315225212286
149,196,"Polysulfone, 30% Glass Fiber Reinforced",Polymer,1.46 - 1.60 g/cc,96.5 - 121 MPa,1.7 - 3.0 %,8.00 - 9.00 GPa,,,,,,1.53,2.35,108.75,0.2822454620876871
150,86,Epoxy Adhesive,Polymer,0.137 - 4.80 g/cc,0.276 - 766 MPa,0.000 - 250 %,0.0345 - 59.1 GPa,0.172 - 138 Mpa,-269 - -20.0 C,,,,2.4684999999999997,125.0,383.138,0.282126224945985
151,174,verview of materials for Polyphenylene Sulfide (PPS) with 40% Carbon Fiber Filler,Polymer,1.48 - 1.74 g/cc,77.2 - 234 MPa,0.00 - 2.0 %,12.4 - 45.0 GPa,,,,,,1.6099999999999999,1.0,155.6,0.28006572869527074
152,156,Polyphenylene Sulfide (PPS) with PTFE Filler,Polymer,1.42 - 2.03 g/cc,11.0 - 160 MPa,0.500 - 68.0 %,1.65 - 15.0 GPa,,,,,,1.7249999999999999,34.25,85.5,0.27833646778566973
153,173,Polyphenylene Sulfide (PPS) with 10% Glass Fiber Filler,Polymer,1.38 - 2.06 g/cc,34.5 - 375 MPa,0.80 - 3.5 %,4.83 - 21.0 GPa,,,,,,1.72,2.15,204.75,0.2769240179104848
154,113,"Phenolic, Ablative Coating",Polymer,1.25 - 1.85 g/cc,4.30 - 40.4 MPa,0.660 - 12.5 %,,,,coating,,,1.55,6.58,22.349999999999998,0.27586226192688384
155,178,"Polyphthalamide (PPA), 50% Glass Fiber Reinforce",Polymer,1.45 - 1.99 g/cc,70.0 - 295 MPa,0.60 - 3.2 %,10.3 - 22.1 GPa,,,,,,1.72,1.9000000000000001,182.5,0.2751720460166726
156,40,"Acrylonitrile Butadiene Styrene (ABS), Plating Grade",Polymer,1.03 - 2.50 g/cc,20.0 - 48.0 MPa,3.00 - 70.0 %,1.70 - 2.77 GPa,,,,,,1.7650000000000001,36.5,34.0,0.2726007273814916
157,95,"Liquid Crystal Polymer (LCP), Mineral Filled",Polymer,1.52 - 1.89 g/cc,76.0 - 175 MPa,1.20 - 5.50 %,7.03 - 22.0 GPa,,,,,,1.705,3.35,125.5,0.2723629090275077
158,93,"Liquid Crystal Polymer (LCP), Unfilled",Polymer,1.38 - 2.02 g/cc,32.0 - 182 MPa,0.600 - 4.10 %,7.10 - 18.0 GPa,,,fiber,,,1.7,2.3499999999999996,107.0,0.27097032382040975
159,96,Melamine-Phenolic Copolymer,Polymer,1.50 - 1.81 g/cc,53.0 - 76.0 MPa,0.470 - 0.950 %,5.00 - 13.3 GPa,,,,,,1.655,0.71,64.5,0.27018680084096736
160,83,"Epoxy, Cast, Metal Filled",Polymer,0.959 - 3.12 g/cc,0.159 - 59.6 MPa,0.000 - 130 %,4.14 - 49.6 GPa,1.70 - 31.0 MPa,,,,,2.0395,65.0,29.8795,0.2637834087339876
161,166,Expanded Polystyrene (EPS),Polymer,0.00310 - 3.50 g/cc,0.0800 - 1.10 MPa,5.00 - 13.4 %,0.00650 - 2.65 GPa,,,,,,1.75155,9.2,0.5900000000000001,0.2618902175698711
162,126,"Thermoset Polyester, Mineral Filled",Polymer,1.59 - 2.08 g/cc,24.1 - 79.3 MPa,0.410 - 1.11 %,9.90 - 21.3 GPa,,,,,,1.835,0.76,51.7,0.25744402516359105
163,35,"Acrylonitrile Butadiene Styrene (ABS), Molded",Polymer,0.882 - 3.50 g/cc,2.00 - 77.0 Mpa,1.40 - 110 %,0.778 - 21.2 Gpa,,,,,,2.191,55.7,39.5,0.25147840837232477
164,25,"COI Ceramics Sylramic S400 Silicon Carbide Ceramic Matrix Composite, Carbon",,2.10 g/cc,5.52 MPa,0.0053,110 GPa,27.6 MPa,,Fiber,,,2.1,0.0053,5.52,0.23635795345555521
165,37,"Acrylonitrile Butadiene Styrene (ABS), Impact Grade, Molded",Polymer,1.00 - 3.50 g/cc,24.0 - 138 MPa,2.00 - 12.0 %,1.40 - 5.33 GPa,,,,,,2.25,7.0,81.0,0.23451424251261074
166,175,"Polyphenylene Sulfide (PPS), Conductive",Polymer,1.29 - 3.70 g/cc,0.30 - 100 %,0.30 - 100 %,11.0 - 26.2 GPa,,,,,,2.495,50.15,50.15,0.23050203313645268
167,158,"Polyphthalamide (PPA), Stainless Fiber, EMI",Polymer,1.19 - 3.80 g/cc,52.0 - 159 MPa,0.600 - 6.00 %,2.90 - 12.4 GPa,,,,,,2.495,3.3,105.5,0.21905995603632755
168,85,"Epoxy, Electrically Conductive",Polymer,0.940 - 5.30 g/cc,13.8 - 55.2 MPa,0.200 - 55.0 %,0.146 - 7.87 GPa,4.48 - 68.9 MPa,-269 - -20.0 C,,,,3.12,27.6,34.5,0.1808526520531503
