Rank,No,MaterialName,Family,density,tensile strength,elongation at break,modulus if available,"tear or impact related values if available,",minimum service temperature if available,"form availability: film, fiber, sheet, coating, fabric","first impression: impact layer candidate, cut layer candidate, or hybrid layer candidate",Notes,density_gcc,Density,elongation_pct,Elongation,strength_mpa,Strength,Score
1,141,Styrene/Butadiene/Styrene (SBS),Polymer,0.100 - 1.60 g/cc,0.981 - 180 MPa,190 - 1500 %,,0.981 - 632 kN/m,,,,,0.8500000000000001,0.850g/cc,845.0,845.0%,90.4905,90.5MPa,0.6059
2,146,"Thermoplastic Polyurethane, Elastomer, Polyester Grade",Polymer,0.992 - 1.44 g/cc,3.45 - 72.1 MPa,10.0 - 1580 %,0.00300 - 0.870 GPa,17.5 - 333 kN/m,,,,,1.216,1.216g/cc,795.0,795.0%,37.775,37.8MPa,0.5613
3,132,Very Low Density Polyethylene (VLDPE),Polymer,0.887 - 0.923 g/cc,9.00 - 15.0 MPa,700 - 750 %,,,,,,,0.905,0.905g/cc,725.0,725.0%,12.0,12.0MPa,0.5565
4,89,"Polytetrafluoroethylene (PTFE), Carbon Fiber Filled",Polymer,1.98 - 2.65 g/cc,3.00 - 27.6 MPa,3.00 - 2000 %,,10.3421 - 15.8579 MPa,-260 - -20.0 C,,,,2.315,2.315g/cc,1001.5,1001.5%,15.3,15.3MPa,0.5563
5,14,AGY ZenTron® S-2 Generic S-Glass Fiber,,2.46 g/cc,4445 MPa,0.057,86.9 GPa,,0.737 J/g-C,,,,2.46,2.460g/cc,0.057,0.1%,4445.0,4445.0MPa,0.5457
6,144,"Thermoset Polyurethane, Elastomer, Unreinforced",Polymer,0.0400 - 1.74 g/cc,0.138 - 79.3 MPa,0.400 - 1300 %,0.00114 - 3.54 GPa,4.30 - 550 kN/m,-60.0 - -3.40 C,,,,0.89,0.890g/cc,650.2,650.2%,39.719,39.7MPa,0.5346
7,133,"Linear Low Density Polyethylene (LLDPE), Film Grade",Polymer,0.900 - 1.04 g/cc,7.45 - 62.1 MPa,0.800 - 1300 %,0.0110 - 0.530 GPa,,,,,,0.97,0.970g/cc,650.4,650.4%,34.775,34.8MPa,0.5291
8,193,"Thermoset Polyurethane Foam, Unreinforced",Polymer,0.00800 - 1.39 g/cc,0.0207 - 1900 MPa,3.2 - 760 %,0.000138 - 3.45 GPa,0.140 - 10.5 kN/m,,,,,0.699,0.699g/cc,381.6,381.6%,950.01035,950.0MPa,0.5260
9,58,"Polycarbonate/ABS Alloy, Unreinforced",Polymer,0.960 - 1.50 g/cc,2.80 - 586 MPa,0.800 - 1230 %,1.67 - 11.1 GPa,40.3 - 61.9 MPa,,,,,1.23,1.230g/cc,615.4,615.4%,294.4,294.4MPa,0.5199
10,134,Ethylene Butyl Acrylate,Polymer,0.895 - 1.48 g/cc,0.965 - 31.0 MPa,4.00 - 1210 %,0.0250 - 4.50 GPa,,,,,,1.1875,1.188g/cc,607.0,607.0%,15.9825,16.0MPa,0.4990
11,130,"Low Density Polyethylene (LDPE), Extrusion Grade",Polymer,0.915 - 0.960 g/cc,8.96 - 54.0 MPa,164 - 920 %,0.152 - 0.290 GPa,55.0 - 500 g,,,,,0.9375,0.938g/cc,542.0,542.0%,31.48,31.5MPa,0.4949
12,131,"Low Density Polyethylene (LDPE), Film Grade",Polymer,0.902 - 1.00 g/cc,7.00 - 34.5 MPa,50.0 - 1000 %,0.140 - 0.480 GPa,20.0 - 373 kN/m,,film,,,0.9510000000000001,0.951g/cc,525.0,525.0%,20.75,20.8MPa,0.4876
13,145,"Thermoplastic Polyurethane, Elastomer, Ether Grade",Polymer,1.00 - 1.65 g/cc,1.72 - 90.0 MPa,30.0 - 1040 %,0.0200 - 2.07 GPa,12.4 - 500 kN/m,-50.0 C,,,,1.325,1.325g/cc,535.0,535.0%,45.86,45.9MPa,0.4683
14,149,Polyether Ester Elastomer,Polymer,1.05 - 1.48 g/cc,7.00 - 54.0 MPa,50.0 - 980 %,0.0500 - 1.00 GPa,,,,,,1.2650000000000001,1.265g/cc,515.0,515.0%,30.5,30.5MPa,0.4644
15,13,"A-Glass Fiber, Generic","nylon based films or fibers,",2.44 g/cc,3310 MPa,0.048,68.9 GPa,,0.796 J/g-C,,,,2.44,2.440g/cc,0.048,0.0%,3310.0,3310.0MPa,0.4619
16,125,Polyester Film,Polymer,1.00 - 1.51 g/cc,23.0 - 200 MPa,130 - 830 %,3.10 - 4.36 GPa,9.00 - 140 kN/m,-73.3 - -40.0 C,film,,,1.255,1.255g/cc,480.0,480.0%,111.5,111.5MPa,0.4595
17,30,"C-Glass Fiber, Generic",,2.52 - 2.56 g/cc,3310 MPa,0.048,68.9 GPa,27.0 GPa,,"fiber,",,,2.54,2.540g/cc,0.048,0.0%,3310.0,3310.0MPa,0.4554
18,140,"Polypropylene, Film Grade",Polymer,0.886 - 1.46 g/cc,18.8 - 152 MPa,8.00 - 900 %,0.600 - 7.51 GPa,,,,,,1.173,1.173g/cc,454.0,454.0%,85.4,85.4MPa,0.4542
19,168,"Styrene Acrylonitrile (SAN), Molded",Polymer,0.901 - 1.36 g/cc,25.8 - 85.5 MPa,1.50 - 900 %,2.90 - 3.80 GPa,,,,,,1.1305,1.131g/cc,450.75,450.8%,55.65,55.6MPa,0.4537
20,147,"Silicone Polyurethane, Ether Based",Polymer,0.978 - 1.11 g/cc,12.0 - 60.0 MPa,25.0 - 823 %,0.00800 - 0.750 GPa,20.2 - 175 kN/m,,,,,1.044,1.044g/cc,424.0,424.0%,36.0,36.0MPa,0.4490
21,32,Ionomer,Polymer,0.930 - 0.982 g/cc,24.0 - 41.0 MPa,300 - 500 %,,,,Flim,,,0.956,0.956g/cc,400.0,400.0%,32.5,32.5MPa,0.4465
22,150,Styrenic TPE,Polymer,0.930 - 1.68 g/cc,0.345 - 80.0 MPa,3.8 - 900 %,0.0180 - 0.0680 GPa,20.0 - 29.4 kN/m,,,,,1.305,1.305g/cc,451.9,451.9%,40.1725,40.2MPa,0.4415
23,1,Polycarbonate/Thermoplastic Polyurethane Blend,thermoplastic polyurethane,0.0415 - 0.0426 lb/in3,5300 - 8000 psi,370 - 470 %,0.620 - 380 ksi,,,,,,1.163939795,1.164g/cc,420.0,420.0%,45.850153999999996,45.9MPa,0.4405
24,20,Graft Polymer GRAFTALEN MP-UHHD 00850 Melt Processable Ultra-High-Molecular-Weight-Polyethylene based on High Density Polyethylene,,0.945 g/cc,27.1 - 32.9 MPa,335 - 401 %,,,,,,,0.945,0.945g/cc,368.0,368.0%,30.0,30.0MPa,0.4364
25,161,Polypropylene Copolymer,Polymer,0.780 - 2.77 g/cc,5.00 - 128 MPa,1.30 - 1000 %,0.0340 - 9.50 GPa,,,,,,1.775,1.775g/cc,500.65,500.6%,66.5,66.5MPa,0.4289
26,179,"Polypropylene, Extrusion Grade",Polymer,0.886 - 2.00 g/cc,5.78 - 460 MPa,3.0 - 750 %,0.680 - 3.60 GPa,,-30.0 - 2.00 C,,,,1.443,1.443g/cc,376.5,376.5%,232.89,232.9MPa,0.4218
27,185,Polypropylene with 10% Talc Filler,Polymer,0.860 - 1.38 g/cc,2.50 - 105 MPa,4.0 - 700 %,1.00 - 5.10 GPa,,,,,,1.1199999999999999,1.120g/cc,352.0,352.0%,53.75,53.8MPa,0.4214
28,87,Epoxy/Carbon Fiber Composite,Polymer,1.15 - 2.25 g/cc,0.917 - 4140 MPa,0.430 - 11.0 %,2.62 - 520 GPa,6.89 - 590 MPa,-59.0 - 10.0 C,fiber,,,1.7,1.700g/cc,5.715,5.7%,2070.4585,2070.5MPa,0.4194
29,182,"Polypropylene, Sheet/Thermoforming Grade",Polymer,0.900 - 1.13 g/cc,17.9 - 35.9 MPa,7.0 - 640 %,0.280 - 2.05 Gpa,,,,,,1.015,1.015g/cc,323.5,323.5%,26.9,26.9MPa,0.4168
30,186,Polypropylene with 10% Calcium Carbonate (CaCO3) Filler,Polymer,0.900 - 1.09 g/cc,11.0 - 32.1 MPa,2.0 - 545 %,0.900 - 2.07 GPa,,,,,,0.9950000000000001,0.995g/cc,273.5,273.5%,21.55,21.6MPa,0.4010
31,143,"Thermoset Polyurethane, Adhesive",Polymer,0.770 - 3.20 g/cc,0.0392 - 39.3 MPa,9.00 - 874 %,0.0000345 - 1.93 GPa,6.14 - 132 kN/m,-90.0 - -30.0 C,,,,1.985,1.985g/cc,441.5,441.5%,19.6696,19.7MPa,0.3919
32,148,"Silicone Elastomer, for Thermal Management",Polymer,1.10 - 3.18 g/cc,0.248 - 97.0 MPa,0.200 - 925 %,,3.40 - 231 kN/m,-73.3 - -40.0 C,,,,2.14,2.140g/cc,462.6,462.6%,48.624,48.6MPa,0.3909
33,63,ABS/Polyurethane Alloy,Polymer,0.970 - 1.20 g/cc,16.0 - 67.0 MPa,180 - 320 %,0.0827 - 0.745 GPa,,,gloss,,,1.085,1.085g/cc,250.0,250.0%,41.5,41.5MPa,0.3888
34,160,"Polypropylene, Mineral Reinforced",Polymer,0.905 - 3.15 g/cc,6.00 - 75.0 MPa,0.500 - 870 %,0.950 - 8.50 GPa,,,,,,2.0275,2.027g/cc,435.25,435.2%,40.5,40.5MPa,0.3886
35,194,"Thermoplastic Polyurethane (TPUR), Glass Fiber Reinforced",Polymer,1.22 - 1.91 g/cc,14.5 - 1000 MPa,1.0 - 430 %,0.345 - 45.0 GPa,,-30.0 C,,,,1.565,1.565g/cc,215.5,215.5%,507.25,507.2MPa,0.3808
36,90,"Polyetheretherketone, Carbon Fiber Filled",Polymer,1.32 - 1.90 g/cc,0.265 - 2900 MPa,0.300 - 7.00 %,1.00 - 172 GPa,50.0 - 186 MPa,-80.0 - -20.0 C,fiber,,,1.6099999999999999,1.610g/cc,3.65,3.6%,1450.1325,1450.1MPa,0.3780
37,88,Ethylene Vinyl Alcohol (EVOH),Polymer,1.12 - 1.24 g/cc,37.0 - 74.0 MPa,130 - 330 %,1.08 - 3.10 GPa,500 - 1300,,,,,1.1800000000000002,1.180g/cc,230.0,230.0%,55.5,55.5MPa,0.3770
38,33,Nylon 6,Polymer,1.04 - 1.38 g/cc,28.0 - 80.0 MPa,4.50 - 460 %,0.100 - 4.00 GPa,23.0 - 14000,,Flim,,,1.21,1.210g/cc,232.25,232.2%,54.0,54.0MPa,0.3756
39,81,"Epoxy, Molded, Glass Fiber Filler",Polymer,1.11 - 2.20 g/cc,50.0 - 2850 MPa,0.600 - 2.04 %,6.00 - 89.6 GPa,20.0 - 74.0 MPa,,fiber,,,1.6550000000000002,1.655g/cc,1.32,1.3%,1450.0,1450.0MPa,0.3743
40,159,"Polypropylene, Carbon Fiber Filled",Polymer,0.872 - 1.68 g/cc,19.3 - 165 MPa,0.400 - 436 %,1.03 - 27.6 GPa,,,fiber,,,1.276,1.276g/cc,218.2,218.2%,92.15,92.2MPa,0.3695
41,100,"Nylon 6, Film Grade",Polymer,1.04 - 1.38 g/cc,48.0 - 112 MPa,3.50 - 400 %,0.100 - 4.00 GPa,23.0 - 14000,-60.0 C,film,,,1.21,1.210g/cc,201.75,201.8%,80.0,80.0MPa,0.3674
42,77,Methacrylate Adhesive,Polymer,0.500 - 1.50 g/cc,0.0276 - 40.0 MPa,5.00 - 300 %,0.0689 - 1.90 GPa,1.75 - 11.4 kN/m,,,,,1.0,1.000g/cc,152.5,152.5%,20.0138,20.0MPa,0.3603
43,78,Cyanoacrylate Adhesive,Polymer,0.126 - 2.10 g/cc,2.48 - 55.2 MPa,2.00 - 340 %,0.0111 - 2.76 GPa,0.175 - 12.0 kN/m,,,,,1.113,1.113g/cc,171.0,171.0%,28.84,28.8MPa,0.3597
44,163,Polypropylene w/ 50% Calcium Carbonate,Polymer,1.24 - 1.95 g/cc,15.5 - 26.0 MPa,50.0 - 469 %,,,,,,,1.595,1.595g/cc,259.5,259.5%,20.75,20.8MPa,0.3570
45,192,Styrene/Methyl Methacrylate Copolymer (SMMA),Polymer,0.910 - 1.13 g/cc,21.0 - 65.5 MPa,2.0 - 280 %,0.820 - 3.45 GPa,,,,,,1.02,1.020g/cc,141.0,141.0%,43.25,43.2MPa,0.3569
46,124,PETG Copolyester,Polymer,1.18 - 1.37 g/cc,20.0 - 100 MPa,3.20 - 360 %,1.10 - 20.3 GPa,,,fiber,,,1.275,1.275g/cc,181.6,181.6%,60.0,60.0MPa,0.3550
47,127,Polyetherimide (PEI),Polymer,0.0500 - 1.90 g/cc,1.00 - 650 MPa,0.500 - 110 %,0.00280 - 56.0 GPa,37.0 - 147 kN/m,-50.0 - 0.000 C,,,,0.975,0.975g/cc,55.25,55.2%,325.5,325.5MPa,0.3525
48,165,"Polystyrene, Impact Modified",Polymer,0.650 - 2.12 g/cc,12.4 - 240 MPa,1.30 - 350 %,0.155 - 3.47 GPa,,,,,,1.385,1.385g/cc,175.65,175.7%,126.2,126.2MPa,0.3507
49,105,"Nylon 6, Carbon Fiber Filled",Polymer,1.11 - 1.90 g/cc,1.00 - 1910 MPa,1.00 - 20.0 %,3.50 - 135 GPa,,-60.0 C,fiber,,,1.505,1.505g/cc,10.5,10.5%,955.5,955.5MPa,0.3501
50,164,"Polystyrene, Extrusion Grade",Polymer,0.0300 - 1.20 g/cc,0.100 - 53.0 MPa,1.00 - 70.0 %,0.00300 - 3.40 GPa,,-60.0 C,,,,0.615,0.615g/cc,35.5,35.5%,26.55,26.6MPa,0.3471
51,65,"Acetal Copolymer, Impact Modified",Polymer,1.07 - 1.41 g/cc,26.0 - 56.0 MPa,10.0 - 300 %,0.772 - 2.45 GPa,,,,,,1.24,1.240g/cc,155.0,155.0%,41.0,41.0MPa,0.3470
52,55,"Acrylonitrile Butadiene Styrene (ABS), Sheet",Polymer,0.775 - 1.28 g/cc,15.9 - 42.0 MPa,7.80 - 190 %,1.83 - 5.33 GPa,36.7 - 40.1 MPa,,sheet,,,1.0275,1.028g/cc,98.9,98.9%,28.95,28.9MPa,0.3413
53,56,Acrylonitrile Butadiene Styrene (ABS)/Nylon Blend,Polymer,1.04 - 1.21 g/cc,4.00 - 63.8 MPa,3.10 - 230 %,0.900 - 5.30 GPa,,,,,,1.125,1.125g/cc,116.55,116.5%,33.9,33.9MPa,0.3412
54,34,Nylon 66,Polymer,1.09 - 1.15 g/cc,78.0 - 83.0 MPa,40.0 - 170 %,,51.0 - 2040 g,,Flim,,,1.12,1.120g/cc,105.0,105.0%,80.5,80.5MPa,0.3412
55,101,"Nylon 6, Nucleated",Polymer,1.10 - 1.41 g/cc,40.0 - 100 Mpa,3.00 - 240 %,0.400 - 5.70 GPa,32.0 - 286,,,,,1.255,1.255g/cc,121.5,121.5%,70.0,70.0MPa,0.3370
56,64,"Acetal Copolymer, Unreinforced",Polymer,0.950 - 1.71 g/cc,21.0 - 75.8 MPa,1.50 - 250 %,0.586 - 11.7 GPa,40.0 - 55.2 MPa,,,,,1.33,1.330g/cc,125.75,125.8%,48.4,48.4MPa,0.3319
57,39,"Acrylonitrile Butadiene Styrene (ABS), Extruded",Polymer,1.01 - 1.20 g/cc,22.1 - 74.0 MPa,3.00 - 150 %,1.00 - 2.65 GPa,,,,,,1.105,1.105g/cc,76.5,76.5%,48.05,48.0MPa,0.3302
58,19,CENTROPLAST CENTROLEN PE-UHMW Ultra-high molecular weight polyethylene,,0.940 g/cc,20.0 MPa,>= 50 %,0.800 GPa,,-200 C,,,,0.94,0.940g/cc,50.0,50.0%,20.0,20.0MPa,0.3301
59,57,"Acrylonitrile Butadiene Styrene (ABS)/Nylon Blend, Glass Reinforced",Polymer,1.06 - 1.53 g/cc,31.0 - 130 MPa,2.00 - 200 %,1.20 - 8.10 GPa,,,,,,1.295,1.295g/cc,101.0,101.0%,80.5,80.5MPa,0.3284
60,118,Polycarbonate/PET Polyester Blend,Polymer,1.12 - 1.47 g/cc,36.0 - 108 MPa,2.10 - 200 %,1.16 - 7.65 GPa,,-40.0 C,fiber,,,1.295,1.295g/cc,101.05,101.0%,72.0,72.0MPa,0.3277
61,69,"Acrylic, General Purpose, Molded",Polymer,0.700 - 1.30 g/cc,19.3 - 85.0 MPa,1.00 - 85.0 %,0.950 - 3.79 GPa,,,Acrylic,,,1.0,1.000g/cc,43.0,43.0%,52.15,52.1MPa,0.3263
62,116,"Polycarbonate, Carbon Fiber Reinforced",Polymer,1.21 - 1.75 g/cc,56.0 - 450 MPa,65.0 - 115 MPa,2.14 - 48.0 GPa,,-40.0 C,fiber,,,1.48,1.480g/cc,90.0,90.0%,253.0,253.0MPa,0.3255
63,138,"Polyphthalamide (PPA), Carbon Fiber",Polymer,1.20 - 1.65 g/cc,135 - 1040 MPa,0.500 - 4.00 %,10.0 - 102 GPa,,,,,,1.4249999999999998,1.425g/cc,2.25,2.2%,587.5,587.5MPa,0.3250
64,181,Polypropylene with Carbon Black Filler,Polymer,0.947 - 1.43 g/cc,16.5 - 58.6 MPa,2.0 - 150 %,0.483 - 5.52 Gpa,,,,,,1.1885,1.188g/cc,76.0,76.0%,37.55,37.5MPa,0.3238
65,119,Polydicyclopentadiene (PDCPD),Polymer,0.980 - 1.20 g/cc,35.0 - 76.0 MPa,11.0 - 75.0 %,1.40 - 2.57 GPa,49.5 - 76.0 MPa,,,,,1.0899999999999999,1.090g/cc,43.0,43.0%,55.5,55.5MPa,0.3206
66,142,Styrenic Elastomer (TES),Polymer,0.400 - 11.0 g/cc,0.138 - 80.0 MPa,3.50 - 1900 %,0.00105 - 54.0 GPa,2.94 - 113 kN/m,-60.0 - -30.0 C,,,,5.7,5.700g/cc,951.75,951.8%,40.069,40.1MPa,0.3197
67,155,Polyphenylene Ether + Styrene-Butadiene Blend,Polymer,1.06 - 1.10 g/cc,50.0 - 80.0 MPa,20.0 - 50.0 %,2.20 - 2.80 GPa,,,,,,1.08,1.080g/cc,35.0,35.0%,65.0,65.0MPa,0.3193
68,137,"Polyphthalamide (PPA), High Impact",polymer,1.11 - 1.15 g/cc,55.0 - 83.4 MPa,7.00 - 80.0 %,1.90 - 2.76 GPa,,,,,,1.13,1.130g/cc,43.5,43.5%,69.2,69.2MPa,0.3192
69,70,"Acrylic, Extruded",Polymer,0.942 - 1.19 g/cc,29.0 - 93.1 MPa,2.00 - 59.0 %,0.0420 - 3.80 GPa,,,Acrylic,,,1.0659999999999998,1.066g/cc,30.5,30.5%,61.05,61.0MPa,0.3185
70,38,"Acrylonitrile Butadiene Styrene (ABS), Transparent, Molded",Polymer,1.04 - 1.16 g/cc,30.0 - 57.0 MPa,10.0 - 70.0 %,1.35 - 2.35 GPa,,,,,,1.1,1.100g/cc,40.0,40.0%,43.5,43.5MPa,0.3181
71,59,"Polycarbonate/ABS Alloy, Glass Fiber Filled",Polymer,0.962 - 1.48 g/cc,27.0 - 131 MPa,0.600 - 109 %,2.41 - 13.0 GPa,,,,,,1.221,1.221g/cc,54.8,54.8%,79.0,79.0MPa,0.3177
72,183,"Polypropylene, Stainless Fiber, EMI",Polymer,0.930 - 1.30 g/cc,15.0 - 70.0 MPa,2.5 - 76 %,0.621 - 4.10 GPa,,,,,,1.115,1.115g/cc,39.25,39.2%,42.5,42.5MPa,0.3168
73,80,"Cellulose Acetate Propionate, Molded",Polymer,1.17 - 1.21 g/cc,8.00 - 8.00 MPa,34.0 - 86.0 %,0.927 - 1.85 GPa,,,,,,1.19,1.190g/cc,60.0,60.0%,8.0,8.0MPa,0.3162
74,22,Vapla Vaplatec 1000 Ultra High Molecular Weight Polyethylene,,0.930 g/cc,22.0 MPa,2.9,0.915 GPa,,,,,,0.93,0.930g/cc,2.9,2.9%,22.0,22.0MPa,0.3153
75,187,"Polystyrene, Transparent Grade",Polymer,1.03 - 1.06 g/cc,35.0 - 59.0 MPa,1.0 - 35 %,2.59 - 4.71 GPa,,,,,,1.045,1.045g/cc,18.0,18.0%,47.0,47.0MPa,0.3146
76,75,Acrylic/Polycarbonate Alloy,Polymer,1.12 - 1.29 g/cc,40.3 - 61.0 MPa,8.00 - 88.0 %,1.72 - 2.60 GPa,,,,,,1.205,1.205g/cc,48.0,48.0%,50.65,50.6MPa,0.3144
77,73,"Acrylic, Gamma Radiation Resistant, Molded",Polymer,1.08 - 1.17 g/cc,36.3 - 50.3 MPa,5.00 - 50.0 %,1.38 - 2.96 GPa,,,,,,1.125,1.125g/cc,27.5,27.5%,43.3,43.3MPa,0.3123
78,99,"Nylon 6, Impact Grade",Polymer,1.00 - 4.00 g/cc,12.0 - 470 MPa,1.50 - 500 %,0.145 - 3.30 GPa,,-100 - -40.0 C,,,,2.5,2.500g/cc,250.75,250.8%,241.0,241.0MPa,0.3113
79,111,Nylon 11 + Carbon Fiber,Polymer,1.00 - 1.26 g/cc,41.0 - 200 MPa,1.00 - 11.0 %,1.45 - 22.8 GPa,,,fiber,,,1.13,1.130g/cc,6.0,6.0%,120.5,120.5MPa,0.3106
80,36,"Acrylonitrile Butadiene Styrene (ABS), Heat Resistant, Molded",polymer,0.890 - 1.50 g/cc,19.6 - 63.0 MPa,2.50 - 70.0 %,1.70 - 2.70 GPa,,,,,,1.195,1.195g/cc,36.25,36.2%,41.3,41.3MPa,0.3104
81,72,"Acrylic, Optical Grade, Molded",Polymer,1.11 - 1.19 g/cc,38.0 - 89.3 MPa,2.00 - 40.0 %,1.76 - 3.65 GPa,,,Acrylic,,,1.15,1.150g/cc,21.0,21.0%,63.65,63.6MPa,0.3100
82,198,"PVC, High Impact",Polymer,1.20 - 1.52 g/cc,30.0 - 44.9 MPa,26 - 110 %,2.03 - 3.30 GPa,,,,,,1.3599999999999999,1.360g/cc,68.0,68.0%,37.45,37.5MPa,0.3099
83,167,"Polystyrene + Polyphenylene Ether, Unreinforced",Polymer,0.880 - 2.07 g/cc,34.0 - 165 MPa,0.700 - 150 %,1.50 - 16.3 GPa,,,,,,1.4749999999999999,1.475g/cc,75.35,75.3%,99.5,99.5MPa,0.3095
84,71,"Acrylic, UV Stabilized, Molded",Polymer,1.15 - 1.20 g/cc,32.4 - 80.0 MPa,2.00 - 50.0 %,1.79 - 3.45 GPa,,,Acrylic,,,1.1749999999999998,1.175g/cc,26.0,26.0%,56.2,56.2MPa,0.3094
85,169,"Styrene Acrylonitrile (SAN), Transparent",Polymer,1.07 - 1.08 g/cc,62.0 - 75.8 MPa,2.00 - 3.50 %,3.17 - 3.80 GPa,,,,,,1.0750000000000002,1.075g/cc,2.75,2.8%,68.9,68.9MPa,0.3092
86,180,Polypropylene with Glass Fiber + Bead Filler,Polymer,0.960 - 1.23 g/cc,34.5 - 92.0 MPa,2.5 - 6.0 %,2.80 - 7.00 GPa,,,,,,1.095,1.095g/cc,4.25,4.2%,63.25,63.2MPa,0.3080
87,41,"Acrylonitrile Butadiene Styrene (ABS), Unreinforced, Flame Retardant",Polymer,1.04 - 1.43 g/cc,21.6 - 52.0 MPa,2.00 - 56.0 %,1.27 - 4.48 GPa,,,,,,1.2349999999999999,1.235g/cc,29.0,29.0%,36.8,36.8MPa,0.3051
88,48,"Acrylonitrile Butadiene Styrene (ABS), 10% Carbon Fiber Filled",Polymer,1.07 - 1.26 g/cc,48.3 - 103 MPa,0.700 - 10.0 %,3.45 - 11.7 GPa,,,,,,1.165,1.165g/cc,5.35,5.3%,75.65,75.7MPa,0.3047
89,128,Polyethersulfone (PES),Polymer,1.21 - 1.85 g/cc,56.5 - 325 MPa,0.450 - 100 %,2.00 - 36.6 GPa,,,,,,1.53,1.530g/cc,50.225,50.2%,190.75,190.8MPa,0.3043
90,49,"Acrylonitrile Butadiene Styrene (ABS), 20% Carbon Fiber Filled",Polymer,1.10 - 1.30 g/cc,75.0 - 150 MPa,1.00 - 2.00 %,10.0 - 13.8 GPa,,,,,,1.2000000000000002,1.200g/cc,1.5,1.5%,112.5,112.5MPa,0.3039
91,74,"Acrylic, Optical Sheet",Polymer,1.15 - 1.19 g/cc,54.0 - 83.0 MPa,4.00 - 5.80 %,1.52 - 3.38 GPa,,,,,,1.17,1.170g/cc,4.9,4.9%,68.5,68.5MPa,0.3037
92,51,"Acrylonitrile Butadiene Styrene (ABS), PTFE Filled",Polymer,1.05 - 1.32 g/cc,34.5 - 44.8 MPa,2.00 - 25.0 %,,,,,,,1.185,1.185g/cc,13.5,13.5%,39.65,39.6MPa,0.3034
93,190,"Polystyrene + Polyphenylene Ether, Glass + Mineral Filler",Polymer,1.13 - 1.43 g/cc,50.0 - 120 MPa,1.0 - 40 %,,,,,,,1.2799999999999998,1.280g/cc,20.5,20.5%,85.0,85.0MPa,0.3029
94,6,BASF Elastollan® 1185 A W TPUR,polyurethane elastomers,1.16 g/cc,40.0 MPa,7,,50.0 kN/m,,,,,1.16,1.160g/cc,7.0,7.0%,40.0,40.0MPa,0.3029
95,110,"Nylon 66, Mineral Filled, NCG Fiber Filled",Polymer,1.14 - 1.38 g/cc,68.9 - 207 MPa,0.500 - 5.00 %,5.17 - 13.1 GPa,,,fiber,,,1.2599999999999998,1.260g/cc,2.75,2.8%,137.95,137.9MPa,0.3023
96,191,"Styrene-Butadiene Copolymer, SBC",Polymer,0.848 - 7.98 g/cc,1.61 - 27.6 MPa,2.5 - 1300 %,0.0689 - 2.90 GPa,6.30 - 104 kN/m,,,,,4.414000000000001,4.414g/cc,651.25,651.2%,14.605,14.6MPa,0.3021
97,107,"Nylon 66, Aramid Fiber Filled",Polymer,1.14 - 1.32 g/cc,48.3 - 138 MPa,1.60 - 10.0 %,2.41 - 11.0 GPa,,,fiber,,,1.23,1.230g/cc,5.8,5.8%,93.15,93.2MPa,0.3019
98,8,BASF Elastollan® S 50 A SPF TPUR,,1.20 g/cc,35.0 MPa,9,,40.0 kN/m,175 - 220 C,,,,1.2,1.200g/cc,9.0,9.0%,35.0,35.0MPa,0.3006
99,157,"Polyphthalamide (PPA), Aramid Fiber",Polymer,1.21 - 1.38 g/cc,51.7 - 241 MPa,1.00 - 3.50 %,3.50 - 24.1 GPa,,,,,,1.295,1.295g/cc,2.25,2.2%,146.35,146.3MPa,0.3004
100,184,"Polypropylene, Wood Filled",Polymer,0.938 - 1.45 g/cc,20.0 - 66.0 MPa,1.2 - 10 %,1.72 - 6.20 GPa,,,,,,1.194,1.194g/cc,5.6,5.6%,43.0,43.0MPa,0.3004
101,189,"Polystyrene + Polyphenylene Ether, Glass Filler",Polymer,1.14 - 1.45 g/cc,60.0 - 148 MPa,1.0 - 20 %,3.80 - 10.6 GPa,,,,,,1.295,1.295g/cc,10.5,10.5%,104.0,104.0MPa,0.3000
102,103,"Nylon 6, 20% Mineral Filled",Polymer,1.05 - 1.66 g/cc,33.0 - 140 MPa,0.900 - 50.0 %,1.10 - 6.25 GPa,,,,,,1.355,1.355g/cc,25.45,25.4%,86.5,86.5MPa,0.2997
103,42,"Acrylonitrile Butadiene Styrene (ABS), Glass Fiber Filled, Flame Retardant",Polymer,1.13 - 1.48 g/cc,35.0 - 85.0 MPa,1.50 - 40.0 %,3.10 - 9.65 GPa,,,,,,1.305,1.305g/cc,20.75,20.8%,60.0,60.0MPa,0.2995
104,43,"Acrylonitrile Butadiene Styrene (ABS), 10% Glass Fiber Filled",Polymer,1.06 - 1.40 g/cc,28.0 - 88.3 MPa,2.00 - 10.0 %,2.50 - 5.88 GPa,,,,,,1.23,1.230g/cc,6.0,6.0%,58.15,58.1MPa,0.2993
105,50,"Acrylonitrile Butadiene Styrene (ABS), 30% Carbon Fiber Filled",Polymer,1.15 - 1.38 g/cc,88.3 - 124 MPa,1.00 - 3.00 %,17.2 - 19.3 GPa,,,,,,1.265,1.265g/cc,2.0,2.0%,106.15,106.2MPa,0.2993
106,66,"Acetal Copolymer, Silicone Filled",Polymer,1.29 - 1.62 g/cc,41.4 - 110 MPa,2.50 - 90.0 %,2.25 - 2.90 GPa,,,silicone,,,1.455,1.455g/cc,46.25,46.2%,75.7,75.7MPa,0.2993
107,47,"Acrylonitrile Butadiene Styrene (ABS), Glass Bead Filled",Polymer,1.06 - 1.38 g/cc,27.6 - 41.4 MPa,1.70 - 15.0 %,2.21 - 3.45 GPa,,,,,,1.22,1.220g/cc,8.35,8.3%,34.5,34.5MPa,0.2990
108,76,"Acrylic/Polycarbonate Alloy, Carbon Fiber Filler",Polymer,1.21 - 1.36 g/cc,93.1 - 145 MPa,1.20 - 2.30 %,7.65 - 24.1 GPa,,,fiber,,,1.2850000000000001,1.285g/cc,1.75,1.8%,119.05,119.0MPa,0.2989
109,60,"Polycarbonate/ABS Alloy, Carbon Fiber Filled",Polymer,1.17 - 1.40 g/cc,67.6 - 165 MPa,0.500 - 4.00 %,4.61 - 16.5 GPa,,,,,,1.285,1.285g/cc,2.25,2.2%,116.3,116.3MPa,0.2988
110,117,"Polycarbonate, Aramid Fiber Reinforced",Polymer,1.21 - 1.32 g/cc,58.6 - 72.4 MPa,4.00 - 12.0 %,2.41 - 3.65 GPa,,,fiber,,,1.2650000000000001,1.265g/cc,8.0,8.0%,65.5,65.5MPa,0.2983
111,92,"Polyaryletherketone (PAEK), Carbon Fiber Filled",Polymer,1.33 - 1.51 g/cc,95.0 - 262 MPa,0.800 - 25.0 %,2.96 - 55.8 GPa,,,fiber,,,1.42,1.420g/cc,12.9,12.9%,178.5,178.5MPa,0.2982
112,135,"Polyphenylene Ether, Mineral Filled",Polymer,1.09 - 1.62 g/cc,50.0 - 74.1 MPa,2.00 - 50.0 %,2.90 - 5.20 GPa,,,,,,1.355,1.355g/cc,26.0,26.0%,62.05,62.0MPa,0.2981
113,2,"Thermoplastic Polyurethane, Elastomer, Glass Filled",thermoplastic polyurethane,0.0462 - 0.0600 lb/in3,4060 - 13900 psi,10.0 - 86.0 %,90.0 - 797 ksi,,,,,,1.4698026899999999,1.470g/cc,48.0,48.0%,61.9149448,61.9MPa,0.2979
114,162,Polypropylene with 40% Mica Filler,Polymer,1.17 - 1.27 g/cc,14.0 - 40.2 MPa,3.00 - 10.0 %,2.50 - 4.83 GPa,,,,,,1.22,1.220g/cc,6.5,6.5%,27.1,27.1MPa,0.2978
115,68,"Acetal Copolymer, Aramid Fiber Filled",Polymer,1.01 - 1.52 g/cc,45.0 - 82.7 MPa,2.00 - 12.0 %,2.70 - 4.83 GPa,,,,,,1.2650000000000001,1.265g/cc,7.0,7.0%,63.85,63.9MPa,0.2978
116,102,"Nylon 6, PTFE Filled",Polymer,1.16 - 1.49 g/cc,18.0 - 150 MPa,2.00 - 25.0 %,2.40 - 9.10 GPa,,,,,,1.325,1.325g/cc,13.5,13.5%,84.0,84.0MPa,0.2975
117,108,"Nylon 66, Carbon Fiber/PTFE Filled",Polymer,1.17 - 1.54 g/cc,75.8 - 241 MPa,0.900 - 4.00 %,3.45 - 32.4 GPa,,,fiber,,,1.355,1.355g/cc,2.45,2.5%,158.4,158.4MPa,0.2975
118,44,"Acrylonitrile Butadiene Styrene (ABS), 20% Glass Fiber Filled",Polymer,1.10 - 1.45 g/cc,35.0 - 108 MPa,1.00 - 11.0 %,3.50 - 12.2 GPa,,,,,,1.275,1.275g/cc,6.0,6.0%,71.5,71.5MPa,0.2974
119,188,Syndiotactic Polystyrene (SPS) with Glass or Carbon Fiber,Polymer,1.08 - 1.54 g/cc,65.5 - 175 MPa,0.60 - 3.0 %,4.14 - 24.1 GPa,,,,,,1.31,1.310g/cc,1.8,1.8%,120.25,120.2MPa,0.2973
120,104,"Nylon 6, Mineral Reinforced, Impact Grade",Polymer,1.17 - 1.55 g/cc,30.0 - 100 MPa,2.00 - 45.0 %,1.40 - 5.17 GPa,,,,,,1.3599999999999999,1.360g/cc,23.5,23.5%,65.0,65.0MPa,0.2971
121,61,"Polycarbonate/ABS Alloy, NCG Fiber Filled",Polymer,1.18 - 1.45 g/cc,62.1 - 153 MPa,0.500 - 5.00 %,4.48 - 17.9 GPa,,,,,,1.315,1.315g/cc,2.75,2.8%,107.55,107.5MPa,0.2964
122,98,"Nylon 6, Unreinforced",Polymer,0.670 - 4.50 g/cc,10.0 - 225 MPa,0.400 - 500 %,0.210 - 17.0 GPa,55.2 - 75.0 MPa,-60.0 - -10.0 C,fiber,,,2.585,2.585g/cc,250.2,250.2%,117.5,117.5MPa,0.2962
123,52,"Acrylonitrile Butadiene Styrene (ABS), Stainless Steel Fiber Filled",Polymer,1.00 - 1.51 g/cc,27.6 - 45.0 MPa,1.00 - 10.0 %,2.28 - 3.10 GPa,,,,,,1.255,1.255g/cc,5.5,5.5%,36.3,36.3MPa,0.2959
124,129,"Polyethersulfone, Carbon Fiber Reinforced",Polymer,1.36 - 1.57 g/cc,103 - 325 MPa,1.00 - 12.0 %,2.40 - 36.6 GPa,,,,,,1.465,1.465g/cc,6.5,6.5%,214.0,214.0MPa,0.2958
125,54,"Acrylonitrile Butadiene Styrene (ABS), NCG Fiber Filled",Polymer,1.07 - 1.51 g/cc,44.8 - 121 MPa,1.00 - 2.00 %,5.17 - 17.9 GPa,,,,,,1.29,1.290g/cc,1.5,1.5%,82.9,82.9MPa,0.2958
126,109,"Nylon 66, Mineral Filled, Impact Grade",Polymer,1.22 - 1.48 g/cc,49.6 - 124 MPa,2.50 - 18.0 %,3.25 - 7.24 GPa,,,film,,,1.35,1.350g/cc,10.25,10.2%,86.8,86.8MPa,0.2950
127,139,"Polyphthalamide (PPA), Carbon Fiber + PTFE Filled",Polymer,1.27 - 1.58 g/cc,100 - 276 MPa,1.00 - 3.00 %,10.0 - 29.3 GPa,,,,,,1.425,1.425g/cc,2.0,2.0%,188.0,188.0MPa,0.2950
128,136,Polyphenylene Sulfide (PPS) with Carbon Fiber + PTFE Filler,Polymer,1.08 - 1.62 g/cc,53.0 - 180 MPa,0.000 - 2.00 %,4.60 - 34.5 GPa,,,,,,1.35,1.350g/cc,1.0,1.0%,116.5,116.5MPa,0.2942
129,62,"Polycarbonate/ABS Alloy, Antistat/Conductive",Polymer,1.14 - 1.53 g/cc,37.9 - 124 MPa,1.00 - 10.0 %,1.72 - 12.4 GPa,,,,,,1.335,1.335g/cc,5.5,5.5%,80.95,81.0MPa,0.2940
130,46,"Acrylonitrile Butadiene Styrene (ABS), 30% Glass Fiber Filled",Polymer,1.17 - 1.50 g/cc,39.0 - 120 MPa,1.00 - 6.00 %,12.8 - 185 MPa,,,,,,1.335,1.335g/cc,3.5,3.5%,79.5,79.5MPa,0.2932
131,7,BASF Elastollan® 1154 D FHF TPUR Flame Retardant Halogen Free,,1.27 g/cc,20.0 MPa,4,,110 kN/m,160 - 220 C,,,,1.27,1.270g/cc,4.0,4.0%,20.0,20.0MPa,0.2932
132,9,BASF Elastollan® R 1001 10% Glass Filled TPUR,,1.27 g/cc,30.0 MPa,0.65,,,225 - 245 C,,,,1.27,1.270g/cc,0.65,0.7%,30.0,30.0MPa,0.2928
133,91,"Polyetheretherketone, PEEK, Aramid Fiber Filled",Polymer,1.31 - 1.50 g/cc,75.0 - 193 MPa,1.00 - 6.00 %,4.00 - 20.7 GPa,,,,,,1.405,1.405g/cc,3.5,3.5%,134.0,134.0MPa,0.2927
134,45,"Acrylonitrile Butadiene Styrene (ABS), 40% Glass Fiber Filled",Polymer,1.32 - 1.38 g/cc,64.0 - 101 MPa,1.00 - 4.00 %,5.30 - 11.0 GPa,,,,,,1.35,1.350g/cc,2.5,2.5%,82.5,82.5MPa,0.2921
135,122,"Polybutylene Terephthalate (PBT), Carbon Fiber Filled",Polymer,1.30 - 1.57 g/cc,82.7 - 220 MPa,0.500 - 6.00 %,6.21 - 40.0 GPa,,,fiber,,,1.435,1.435g/cc,3.25,3.2%,151.35,151.3MPa,0.2920
136,115,"Polycarbonate, Glass Fiber & Bead Filled",Polymer,1.26 - 1.42 g/cc,53.4 - 86.0 MPa,1.00 - 3.00 %,3.80 - 5.20 GPa,,,,,,1.3399999999999999,1.340g/cc,2.0,2.0%,69.7,69.7MPa,0.2917
137,67,"Acetal Copolymer, Carbon Fiber Filled",Polymer,1.40 - 1.58 g/cc,65.0 - 217 MPa,0.600 - 25.0 %,2.40 - 23.4 GPa,,,fiber,,,1.49,1.490g/cc,12.8,12.8%,141.0,141.0MPa,0.2908
138,123,"Polybutylene Terephthalate (PBT), Aramid Fiber Filled",Polymer,1.32 - 1.46 g/cc,58.6 - 103 MPa,3.00 - 8.00 %,3.45 - 5.86 GPa,,,fiber,,,1.3900000000000001,1.390g/cc,5.5,5.5%,80.8,80.8MPa,0.2904
139,10,BASF Elastollan® R 2005/1 20% Glass Filled TPUR,,1.35 g/cc,65.0 MPa,0.2,1.90 GPa,,225 - 245 C,,,,1.35,1.350g/cc,0.2,0.2%,65.0,65.0MPa,0.2900
140,97,"Nylon 46, Glass Fiber Reinforced",Polymer,1.17 - 1.87 g/cc,60.0 - 280 MPa,1.30 - 15.0 %,1.00 - 25.5 GPa,,,fiber,,,1.52,1.520g/cc,8.15,8.2%,170.0,170.0MPa,0.2894
141,121,"Polybutylene Terephthalate (PBT), Glass Fiber Filled, Flame Retardant",Polymer,1.27 - 1.76 g/cc,15.0 - 154 Mpa,0.900 - 50.0 %,0.765 - 21.2 GPa,,,fiber,,,1.5150000000000001,1.515g/cc,25.45,25.4%,84.5,84.5MPa,0.2891
142,120,"Polybutylene Terephthalate (PBT), Glass Fiber Filled, Flame Retardant",Polymer,1.27 - 1.76 g/cc,15.0 - 154 MPa,0.900 - 50.0 %,0.765 - 21.2 GPa,,,,,,1.5150000000000001,1.515g/cc,25.45,25.4%,84.5,84.5MPa,0.2891
143,177,"Polyphenylene Sulfide (PPS), Aramid Fiber",Polymer,1.25 - 1.56 g/cc,45.0 - 134 MPa,1.0 - 4.0 %,3.80 - 22.8 GPa,,,,,,1.405,1.405g/cc,2.5,2.5%,89.5,89.5MPa,0.2890
144,84,"Epoxy, High Temperature",Polymer,0.990 - 2.26 g/cc,13.8 - 345 MPa,1.00 - 50.0 %,1.68 - 5.40 GPa,4.83 - 46.9 MPa,,,,,1.625,1.625g/cc,25.5,25.5%,179.4,179.4MPa,0.2890
145,172,"Polyphenylene Sulfide (PPS) Alloy, Glass Reinforced, Flow Enhanced",Polymer,1.29 - 1.70 g/cc,112 - 195 MPa,1.4 - 5.0 %,9.30 - 22.0 GPa,,,,,,1.495,1.495g/cc,3.2,3.2%,153.5,153.5MPa,0.2882
146,176,"Polyphthalamide (PPA), 10% Glass Fiber Reinforced",Polymer,1.26 - 1.61 g/cc,89.6 - 120 MPa,1.0 - 3.0 %,5.52 - 9.17 Gpa,,,,,,1.435,1.435g/cc,2.0,2.0%,104.8,104.8MPa,0.2881
147,170,"umitomo Bakelite Durez® 31735 Phenolic, Compression Grade",Polymer,1.43 g/cc,55.0 MPa,1.29 - 1.43 g/cc,2.60 - 6.21 Gpa,,-50.0 - -20.0 C,,,,1.43,1.430g/cc,1.3599999999999999,1.4%,55.0,55.0MPa,0.2844
148,197,"Polyester Thermoplastic Elastomer, Glass Filled",Polymer,1.02 - 2.00 g/cc,12.4 - 150 MPa,1.8 - 18 %,0.414 - 7.66 GPa,,,,,,1.51,1.510g/cc,9.9,9.9%,81.2,81.2MPa,0.2840
149,196,"Polysulfone, 30% Glass Fiber Reinforced",Polymer,1.46 - 1.60 g/cc,96.5 - 121 MPa,1.7 - 3.0 %,8.00 - 9.00 GPa,,,,,,1.53,1.530g/cc,2.35,2.4%,108.75,108.8MPa,0.2822
150,86,Epoxy Adhesive,Polymer,0.137 - 4.80 g/cc,0.276 - 766 MPa,0.000 - 250 %,0.0345 - 59.1 GPa,0.172 - 138 Mpa,-269 - -20.0 C,,,,2.4684999999999997,2.468g/cc,125.0,125.0%,383.138,383.1MPa,0.2821
151,174,verview of materials for Polyphenylene Sulfide (PPS) with 40% Carbon Fiber Filler,Polymer,1.48 - 1.74 g/cc,77.2 - 234 MPa,0.00 - 2.0 %,12.4 - 45.0 GPa,,,,,,1.6099999999999999,1.610g/cc,1.0,1.0%,155.6,155.6MPa,0.2801
152,156,Polyphenylene Sulfide (PPS) with PTFE Filler,Polymer,1.42 - 2.03 g/cc,11.0 - 160 MPa,0.500 - 68.0 %,1.65 - 15.0 GPa,,,,,,1.7249999999999999,1.725g/cc,34.25,34.2%,85.5,85.5MPa,0.2783
153,173,Polyphenylene Sulfide (PPS) with 10% Glass Fiber Filler,Polymer,1.38 - 2.06 g/cc,34.5 - 375 MPa,0.80 - 3.5 %,4.83 - 21.0 GPa,,,,,,1.72,1.720g/cc,2.15,2.1%,204.75,204.8MPa,0.2769
154,113,"Phenolic, Ablative Coating",Polymer,1.25 - 1.85 g/cc,4.30 - 40.4 MPa,0.660 - 12.5 %,,,,coating,,,1.55,1.550g/cc,6.58,6.6%,22.349999999999998,22.3MPa,0.2759
155,178,"Polyphthalamide (PPA), 50% Glass Fiber Reinforce",Polymer,1.45 - 1.99 g/cc,70.0 - 295 MPa,0.60 - 3.2 %,10.3 - 22.1 GPa,,,,,,1.72,1.720g/cc,1.9000000000000001,1.9%,182.5,182.5MPa,0.2752
156,40,"Acrylonitrile Butadiene Styrene (ABS), Plating Grade",Polymer,1.03 - 2.50 g/cc,20.0 - 48.0 MPa,3.00 - 70.0 %,1.70 - 2.77 GPa,,,,,,1.7650000000000001,1.765g/cc,36.5,36.5%,34.0,34.0MPa,0.2726
157,95,"Liquid Crystal Polymer (LCP), Mineral Filled",Polymer,1.52 - 1.89 g/cc,76.0 - 175 MPa,1.20 - 5.50 %,7.03 - 22.0 GPa,,,,,,1.705,1.705g/cc,3.35,3.4%,125.5,125.5MPa,0.2724
158,93,"Liquid Crystal Polymer (LCP), Unfilled",Polymer,1.38 - 2.02 g/cc,32.0 - 182 MPa,0.600 - 4.10 %,7.10 - 18.0 GPa,,,fiber,,,1.7,1.700g/cc,2.3499999999999996,2.3%,107.0,107.0MPa,0.2710
159,96,Melamine-Phenolic Copolymer,Polymer,1.50 - 1.81 g/cc,53.0 - 76.0 MPa,0.470 - 0.950 %,5.00 - 13.3 GPa,,,,,,1.655,1.655g/cc,0.71,0.7%,64.5,64.5MPa,0.2702
160,83,"Epoxy, Cast, Metal Filled",Polymer,0.959 - 3.12 g/cc,0.159 - 59.6 MPa,0.000 - 130 %,4.14 - 49.6 GPa,1.70 - 31.0 MPa,,,,,2.0395,2.039g/cc,65.0,65.0%,29.8795,29.9MPa,0.2638
161,166,Expanded Polystyrene (EPS),Polymer,0.00310 - 3.50 g/cc,0.0800 - 1.10 MPa,5.00 - 13.4 %,0.00650 - 2.65 GPa,,,,,,1.75155,1.752g/cc,9.2,9.2%,0.5900000000000001,0.6MPa,0.2619
162,126,"Thermoset Polyester, Mineral Filled",Polymer,1.59 - 2.08 g/cc,24.1 - 79.3 MPa,0.410 - 1.11 %,9.90 - 21.3 GPa,,,,,,1.835,1.835g/cc,0.76,0.8%,51.7,51.7MPa,0.2574
163,35,"Acrylonitrile Butadiene Styrene (ABS), Molded",Polymer,0.882 - 3.50 g/cc,2.00 - 77.0 Mpa,1.40 - 110 %,0.778 - 21.2 Gpa,,,,,,2.191,2.191g/cc,55.7,55.7%,39.5,39.5MPa,0.2515
164,25,"COI Ceramics Sylramic S400 Silicon Carbide Ceramic Matrix Composite, Carbon",,2.10 g/cc,5.52 MPa,0.0053,110 GPa,27.6 MPa,,Fiber,,,2.1,2.100g/cc,0.0053,0.0%,5.52,5.5MPa,0.2364
165,37,"Acrylonitrile Butadiene Styrene (ABS), Impact Grade, Molded",Polymer,1.00 - 3.50 g/cc,24.0 - 138 MPa,2.00 - 12.0 %,1.40 - 5.33 GPa,,,,,,2.25,2.250g/cc,7.0,7.0%,81.0,81.0MPa,0.2345
166,175,"Polyphenylene Sulfide (PPS), Conductive",Polymer,1.29 - 3.70 g/cc,0.30 - 100 %,0.30 - 100 %,11.0 - 26.2 GPa,,,,,,2.495,2.495g/cc,50.15,50.1%,50.15,50.1MPa,0.2305
167,158,"Polyphthalamide (PPA), Stainless Fiber, EMI",Polymer,1.19 - 3.80 g/cc,52.0 - 159 MPa,0.600 - 6.00 %,2.90 - 12.4 GPa,,,,,,2.495,2.495g/cc,3.3,3.3%,105.5,105.5MPa,0.2191
168,85,"Epoxy, Electrically Conductive",Polymer,0.940 - 5.30 g/cc,13.8 - 55.2 MPa,0.200 - 55.0 %,0.146 - 7.87 GPa,4.48 - 68.9 MPa,-269 - -20.0 C,,,,3.12,3.120g/cc,27.6,27.6%,34.5,34.5MPa,0.1809
